Score,N,MAE,RMSE,R2,R2_pct
MMSE,2550,0.5238198637962341,0.9348736851582601,0.9340791702270508,93.40791702270508
CDR_GLOBAL,2532,0.12313254922628403,0.19977140438415794,0.8170750737190247,81.70750737190247
CDR_SOB,2509,0.19844113290309906,0.4207958972759913,0.975443422794342,97.5443422794342
ADAS_TOTSCORE,2264,0.3212207853794098,1.4511865792229044,0.9678958654403687,96.78958654403687
